pair,wilcox_stat,p_value,effect_size,CI_95_low,CI_95_high
aidan vs baseline,234.0,7.319450378417969e-05,0.7440827379080882,0.5018232418449897,0.8755950357709131
aidan vs naive,207.0,7.006681030794775e-05,0.8063780368957422,0.6264138398202976,0.868673335883396
